_key,_ts,time_ms,time_iso,hash,coin,usdc,szi,fundingRate,nSamples,type
funding-e89013986bc1e5a77752dac3534178c1c44fb62c,1782874800011,1782874800011,2026-07-01T11:00:00.011000+08:00,0x0000000000000000000000000000000000000000000000000000000000000000,XMR,-0.000186,0.048,0.0000125,,funding
funding-96814ac004d022efabfeff0bc70fc6a4053d0756,1782874800011,1782874800011,2026-07-01T11:00:00.011000+08:00,0x0000000000000000000000000000000000000000000000000000000000000000,xyz:GOOGL,0.000073,-0.033,0.00000625,,funding
funding-6c01896815eafc23ccd53d5d560fbf6a1b5b85bd,1782878400001,1782878400001,2026-07-01T12:00:00.001000+08:00,0x0000000000000000000000000000000000000000000000000000000000000000,XMR,-0.000187,0.048,0.0000125,,funding
funding-57c18d2b4679d36879f451fb35e17bde0b006bba,1782878400001,1782878400001,2026-07-01T12:00:00.001000+08:00,0x0000000000000000000000000000000000000000000000000000000000000000,xyz:GOOGL,0.000073,-0.033,0.00000625,,funding
funding-dc7d9f0c456df0b1920e3d60c3cd2c53e97c5e4b,1782878400001,1782878400001,2026-07-01T12:00:00.001000+08:00,0x0000000000000000000000000000000000000000000000000000000000000000,xyz:NBIS,-0.001318,0.07,0.0000679086,,funding
funding-4852cbe920c7c1eb634619ff6e82f62b2d6d6ef4,1782882000000,1782882000000,2026-07-01T13:00:00+08:00,0x0000000000000000000000000000000000000000000000000000000000000000,XMR,-0.000185,0.048,0.0000125,,funding
funding-a646128165b4e6e7dfb8b583f1f9d1d239ef6770,1782882000000,1782882000000,2026-07-01T13:00:00+08:00,0x0000000000000000000000000000000000000000000000000000000000000000,xyz:GOOGL,0.000073,-0.033,0.00000625,,funding
funding-a47a618775d6c82e10a86b42e276d1cb1c76c267,1782882000000,1782882000000,2026-07-01T13:00:00+08:00,0x0000000000000000000000000000000000000000000000000000000000000000,xyz:NBIS,-0.001383,0.07,0.0000713732,,funding
funding-4178bebe3fe42fb615e072124bd11acd3f8a522b,1782885600001,1782885600001,2026-07-01T14:00:00.001000+08:00,0x0000000000000000000000000000000000000000000000000000000000000000,XMR,-0.000186,0.048,0.0000125,,funding
funding-d4f0a641c9b08039775c77cff3f04cb3ca58160e,1782885600001,1782885600001,2026-07-01T14:00:00.001000+08:00,0x0000000000000000000000000000000000000000000000000000000000000000,xyz:GOOGL,0.000162,-0.033,0.0000138292,,funding
funding-1bb7b107d58676a8198acda56d66a08086c498e8,1782885600001,1782885600001,2026-07-01T14:00:00.001000+08:00,0x0000000000000000000000000000000000000000000000000000000000000000,xyz:NBIS,-0.001167,0.07,0.0000603625,,funding
funding-b79c329770bb869c35777ccee3e3d6ad059b2486,1782889200022,1782889200022,2026-07-01T15:00:00.022000+08:00,0x0000000000000000000000000000000000000000000000000000000000000000,xyz:GOOGL,0.000192,-0.033,0.0000164124,,funding
funding-28662e5c6c20f9cc0994599236744f18c6600383,1782889200022,1782889200022,2026-07-01T15:00:00.022000+08:00,0x0000000000000000000000000000000000000000000000000000000000000000,xyz:NBIS,-0.001021,0.07,0.0000529197,,funding
funding-23c502314ede29236ad4ea4b3c1f08ee1c492ba4,1782892800065,1782892800065,2026-07-01T16:00:00.065000+08:00,0x0000000000000000000000000000000000000000000000000000000000000000,xyz:GOOGL,0.000087,-0.033,0.0000074535,,funding
funding-2dfa0ac221a664da714e586da991cc2827356e1f,1782892800065,1782892800065,2026-07-01T16:00:00.065000+08:00,0x0000000000000000000000000000000000000000000000000000000000000000,xyz:NBIS,-0.001169,0.07,0.0000607223,,funding
funding-bab42927bbe644a6ac6724710d0be72304cbff57,1782896400040,1782896400040,2026-07-01T17:00:00.040000+08:00,0x0000000000000000000000000000000000000000000000000000000000000000,xyz:GOOGL,0.000073,-0.033,0.00000625,,funding
funding-08e01fa779ce0c08e30b3841c0d97e6b86afb7e0,1782896400040,1782896400040,2026-07-01T17:00:00.040000+08:00,0x0000000000000000000000000000000000000000000000000000000000000000,xyz:NBIS,-0.001895,0.07,0.0000986261,,funding
funding-647d97147ad04d08f2e95bc9035a9f73ec42a82f,1782900000048,1782900000048,2026-07-01T18:00:00.048000+08:00,0x0000000000000000000000000000000000000000000000000000000000000000,BTC,-0.000368,0.0005,0.0000125,,funding
funding-20443d55f1f3abe1eaa78e86a1c109853cb5b44f,1782900000048,1782900000048,2026-07-01T18:00:00.048000+08:00,0x0000000000000000000000000000000000000000000000000000000000000000,xyz:GOOGL,0.000073,-0.033,0.00000625,,funding
funding-d7dfdcc8a46e2468160f1444ef7eef55560445a3,1782900000048,1782900000048,2026-07-01T18:00:00.048000+08:00,0x0000000000000000000000000000000000000000000000000000000000000000,xyz:NBIS,-0.001401,0.07,0.000072293,,funding
funding-c71a2540d179ba9fcdf16e18087288f3f505338b,1782903600001,1782903600001,2026-07-01T19:00:00.001000+08:00,0x0000000000000000000000000000000000000000000000000000000000000000,BTC,-0.000142,0.0005,0.0000048544,,funding
funding-7159c06b3bb1da9ea2b309ebc6d5348c85fcc2ea,1782903600001,1782903600001,2026-07-01T19:00:00.001000+08:00,0x0000000000000000000000000000000000000000000000000000000000000000,xyz:GOOGL,0.000111,-0.033,0.0000094647,,funding
funding-6b883d803f9a0e3603c5afca3ed0aaaf057e6486,1782903600001,1782903600001,2026-07-01T19:00:00.001000+08:00,0x0000000000000000000000000000000000000000000000000000000000000000,xyz:NBIS,-0.001118,0.07,0.0000573741,,funding
funding-910bb5272a220f9c377a6e944b9682000ad1c0e4,1782907200044,1782907200044,2026-07-01T20:00:00.044000+08:00,0x0000000000000000000000000000000000000000000000000000000000000000,BTC,-0.000325,0.0005,0.0000110907,,funding
funding-f86c4cba20100eb8d180cacfae4cb956ebaee64a,1782907200044,1782907200044,2026-07-01T20:00:00.044000+08:00,0x0000000000000000000000000000000000000000000000000000000000000000,xyz:GOOGL,0.000112,-0.033,0.0000095797,,funding
funding-ce9c412f6b1e36eb27fbec1c21c06aaa5460cb26,1782907200044,1782907200044,2026-07-01T20:00:00.044000+08:00,0x0000000000000000000000000000000000000000000000000000000000000000,xyz:NBIS,-0.001274,0.07,0.0000656598,,funding
funding-270c3be1375e1c158c34348c81ae7e8b2d73e9a6,1783170000049,1783170000049,2026-07-04T21:00:00.049000+08:00,0x0000000000000000000000000000000000000000000000000000000000000000,xyz:INTC,-0.003679,-0.17,-0.0001744093,,funding
funding-e8132a3946f078b419c1c8a06f610f7fd370be16,1783170000049,1783170000049,2026-07-04T21:00:00.049000+08:00,0x0000000000000000000000000000000000000000000000000000000000000000,xyz:BRENTOIL,-0.000067,0.15,0.00000625,,funding
funding-bd01272d85336bf0348e5600485f92459a632ded,1783173600051,1783173600051,2026-07-04T22:00:00.051000+08:00,0x0000000000000000000000000000000000000000000000000000000000000000,BTC,-0.000242,0.00031,0.0000125,,funding
funding-fb508c3d8292253d818da623977016a3b4fcd2ed,1783173600051,1783173600051,2026-07-04T22:00:00.051000+08:00,0x0000000000000000000000000000000000000000000000000000000000000000,LIT,0.000138,-5.0,0.0000125,,funding
funding-381319f4b7cba6e3ab9e8521ce94dfaf30335a0e,1783173600051,1783173600051,2026-07-04T22:00:00.051000+08:00,0x0000000000000000000000000000000000000000000000000000000000000000,xyz:INTC,-0.001919,-0.17,-0.0000912922,,funding
funding-233df5e54df0cbf463903d40275545c136db57c5,1783173600051,1783173600051,2026-07-04T22:00:00.051000+08:00,0x0000000000000000000000000000000000000000000000000000000000000000,xyz:BRENTOIL,0.000385,0.15,-0.0000355588,,funding
funding-79ba64364544bbd519c216e777703a14d1e1dbd1,1783177200083,1783177200083,2026-07-04T23:00:00.083000+08:00,0x0000000000000000000000000000000000000000000000000000000000000000,BTC,-0.000242,0.00031,0.0000125,,funding
funding-fd0896ceeaec51e3875a1d913763f7f329d24975,1783177200083,1783177200083,2026-07-04T23:00:00.083000+08:00,0x0000000000000000000000000000000000000000000000000000000000000000,LIT,0.000137,-5.0,0.0000125,,funding
funding-5170c876260d40ed51da90e95ccff141409f1d24,1783177200083,1783177200083,2026-07-04T23:00:00.083000+08:00,0x0000000000000000000000000000000000000000000000000000000000000000,xyz:INTC,0.000131,-0.17,0.00000625,,funding
funding-233c473430587bafd6dd0102f7f1148b3e9cd1df,1783177200083,1783177200083,2026-07-04T23:00:00.083000+08:00,0x0000000000000000000000000000000000000000000000000000000000000000,xyz:BRENTOIL,-0.000032,-0.15,-0.0000029831,,funding
funding-2ec75947770da3d79ec7638839cffb960735e6f8,1783180800074,1783180800074,2026-07-05T00:00:00.074000+08:00,0x0000000000000000000000000000000000000000000000000000000000000000,BTC,-0.000243,0.00031,0.0000125,,funding
funding-6108fe6855e9df89009462883140aa34ad49e235,1783180800074,1783180800074,2026-07-05T00:00:00.074000+08:00,0x0000000000000000000000000000000000000000000000000000000000000000,LIT,0.000138,-5.0,0.0000125,,funding
funding-cf0567e4b05b565c4da7aaacdacd445ddd3334b7,1783180800074,1783180800074,2026-07-05T00:00:00.074000+08:00,0x0000000000000000000000000000000000000000000000000000000000000000,xyz:INTC,0.000131,-0.17,0.00000625,,funding
funding-c22ebe57e68d47878a27f09cc41562b2d185b662,1783180800074,1783180800074,2026-07-05T00:00:00.074000+08:00,0x0000000000000000000000000000000000000000000000000000000000000000,xyz:BRENTOIL,0.000067,-0.15,0.00000625,,funding
funding-6ae599497c21335ed0d655e09f26c89b1516a353,1783184400031,1783184400031,2026-07-05T01:00:00.031000+08:00,0x0000000000000000000000000000000000000000000000000000000000000000,BTC,-0.000243,0.00031,0.0000125,,funding
funding-fb851665dd54f4d5ffb84a6b692a9156eeb53b2a,1783184400031,1783184400031,2026-07-05T01:00:00.031000+08:00,0x0000000000000000000000000000000000000000000000000000000000000000,LIT,0.000136,-5.0,0.0000125,,funding
funding-7dd19f6962e622a6b4e7279be64d6aad643ec73a,1783184400031,1783184400031,2026-07-05T01:00:00.031000+08:00,0x0000000000000000000000000000000000000000000000000000000000000000,xyz:INTC,0.000131,-0.17,0.00000625,,funding
funding-8f3d67e68fbefbbb9fc9b68a0e2db358c19c665c,1783184400031,1783184400031,2026-07-05T01:00:00.031000+08:00,0x0000000000000000000000000000000000000000000000000000000000000000,xyz:BRENTOIL,0.000067,-0.15,0.00000625,,funding
funding-a6f25974fcea2646891e7671ebc71802eba5b6ac,1783188000016,1783188000016,2026-07-05T02:00:00.016000+08:00,0x0000000000000000000000000000000000000000000000000000000000000000,LIT,0.000138,-5.0,0.0000125,,funding
funding-4bde76a7af0c57b06abfb971841b9ca676b2059b,1783188000016,1783188000016,2026-07-05T02:00:00.016000+08:00,0x0000000000000000000000000000000000000000000000000000000000000000,xyz:INTC,0.000131,-0.17,0.00000625,,funding
funding-2af5a877967128ca0d2970398559e2202d562571,1783188000016,1783188000016,2026-07-05T02:00:00.016000+08:00,0x0000000000000000000000000000000000000000000000000000000000000000,xyz:BRENTOIL,0.000067,-0.15,0.00000625,,funding
funding-03131a05f974b8749dde5fdb588faab11e3cbf93,1783191600033,1783191600033,2026-07-05T03:00:00.033000+08:00,0x0000000000000000000000000000000000000000000000000000000000000000,LIT,0.000136,-5.0,0.0000125,,funding
funding-8a2e4889b1b84d0d8a8159a3d7bacbbb32ee7711,1783191600033,1783191600033,2026-07-05T03:00:00.033000+08:00,0x0000000000000000000000000000000000000000000000000000000000000000,xyz:INTC,0.000131,-0.17,0.00000625,,funding
funding-fb347c42104f7505bfa8dc814e654aa99f14f35f,1783191600033,1783191600033,2026-07-05T03:00:00.033000+08:00,0x0000000000000000000000000000000000000000000000000000000000000000,xyz:BRENTOIL,-0.000086,-0.15,-0.0000079555,,funding
funding-c5c11d7e85edd2d02ff108a129e51599594e66ce,1783195200036,1783195200036,2026-07-05T04:00:00.036000+08:00,0x0000000000000000000000000000000000000000000000000000000000000000,LIT,0.000136,-5.0,0.0000125,,funding
funding-c6a26fee790dc1e7b2fb884c93fc3ced250299cb,1783195200036,1783195200036,2026-07-05T04:00:00.036000+08:00,0x0000000000000000000000000000000000000000000000000000000000000000,xyz:INTC,0.000131,-0.17,0.00000625,,funding
funding-922011b5f1558c8f2f553dd0049e9892cd994119,1783195200036,1783195200036,2026-07-05T04:00:00.036000+08:00,0x0000000000000000000000000000000000000000000000000000000000000000,xyz:BRENTOIL,-0.000208,-0.15,-0.0000192885,,funding
funding-ca8d2e6ab5fba0905de104cdde5c4359230840a1,1783198800023,1783198800023,2026-07-05T05:00:00.023000+08:00,0x0000000000000000000000000000000000000000000000000000000000000000,LIT,0.000138,-5.0,0.0000125,,funding
funding-001df17b18eafc48a2e119639d1c20f103190600,1783198800023,1783198800023,2026-07-05T05:00:00.023000+08:00,0x0000000000000000000000000000000000000000000000000000000000000000,xyz:INTC,0.000131,-0.17,0.00000625,,funding
funding-d5989ba998d7b1c938e8979f846c940f7bcde560,1783198800023,1783198800023,2026-07-05T05:00:00.023000+08:00,0x0000000000000000000000000000000000000000000000000000000000000000,xyz:BRENTOIL,0.000067,-0.15,0.00000625,,funding
funding-56e885795ba2dd73dbac5ecb37671388ab783e0a,1783202400015,1783202400015,2026-07-05T06:00:00.015000+08:00,0x0000000000000000000000000000000000000000000000000000000000000000,LIT,0.00014,-5.0,0.0000125,,funding
funding-0b649aa7a8378e66bbc41b955c2e050f018601df,1783202400015,1783202400015,2026-07-05T06:00:00.015000+08:00,0x0000000000000000000000000000000000000000000000000000000000000000,xyz:INTC,0.000131,-0.17,0.00000625,,funding
funding-4cb1902ee2942725fbaf7c268840b68a58ba52f5,1783202400015,1783202400015,2026-07-05T06:00:00.015000+08:00,0x0000000000000000000000000000000000000000000000000000000000000000,xyz:BRENTOIL,0.000067,-0.15,0.00000625,,funding
funding-62442d68446e7f393b490fa397f21057bf015c20,1783206000021,1783206000021,2026-07-05T07:00:00.021000+08:00,0x0000000000000000000000000000000000000000000000000000000000000000,LIT,0.000141,-5.0,0.0000125,,funding
funding-03b6daaa079f1c72998f8cd9937380fa6214d5c6,1783206000021,1783206000021,2026-07-05T07:00:00.021000+08:00,0x0000000000000000000000000000000000000000000000000000000000000000,xyz:INTC,0.000231,-0.17,0.0000109918,,funding
funding-7bca87610d0a4f458f9f8997e6fa08d5aac4f4f3,1783206000021,1783206000021,2026-07-05T07:00:00.021000+08:00,0x0000000000000000000000000000000000000000000000000000000000000000,xyz:BRENTOIL,0.0004,-0.15,0.0000370039,,funding
funding-3049dbe5cc433e20ee1ab3122db1551da8fc60c0,1783209600077,1783209600077,2026-07-05T08:00:00.077000+08:00,0x0000000000000000000000000000000000000000000000000000000000000000,LIT,0.000137,-5.0,0.0000125,,funding
funding-e25aed5bc190f6ab3b8866013d91e3563d59518e,1783209600077,1783209600077,2026-07-05T08:00:00.077000+08:00,0x0000000000000000000000000000000000000000000000000000000000000000,xyz:BRENTOIL,0.000067,-0.15,0.0000061985,,funding
funding-e347b3409ae7b657af418132c443543010b742e7,1783213200057,1783213200057,2026-07-05T09:00:00.057000+08:00,0x0000000000000000000000000000000000000000000000000000000000000000,LIT,0.000137,-5.0,0.0000125,,funding
funding-ef2ae6cbc4ad2a612fda00633f1614a7baae458a,1783213200057,1783213200057,2026-07-05T09:00:00.057000+08:00,0x0000000000000000000000000000000000000000000000000000000000000000,xyz:BRENTOIL,0.000013,-0.15,0.0000012129,,funding
funding-9562d2d385db76a7d790720d64c9b9a940214f76,1783216800021,1783216800021,2026-07-05T10:00:00.021000+08:00,0x0000000000000000000000000000000000000000000000000000000000000000,LIT,-0.000086,-5.0,-0.0000078498,,funding
funding-524bee720c8aa5f8af02e7a8a50b848ce15552c2,1783216800021,1783216800021,2026-07-05T10:00:00.021000+08:00,0x0000000000000000000000000000000000000000000000000000000000000000,xyz:BRENTOIL,0.000067,-0.15,0.00000625,,funding
funding-5b3df3f72410aa061b541dac75aa2a2a86c6814f,1783220400031,1783220400031,2026-07-05T11:00:00.031000+08:00,0x0000000000000000000000000000000000000000000000000000000000000000,LIT,0.000137,-5.0,0.0000125,,funding
funding-fe08fbcbaeee2d1b6080f28bdedea931448af9f8,1783220400031,1783220400031,2026-07-05T11:00:00.031000+08:00,0x0000000000000000000000000000000000000000000000000000000000000000,xyz:BRENTOIL,0.000339,-0.15,0.0000313412,,funding
funding-7029545da64f293bfdfe9ace03cbd662c369f43b,1783224000046,1783224000046,2026-07-05T12:00:00.046000+08:00,0x0000000000000000000000000000000000000000000000000000000000000000,LIT,0.000136,-5.0,0.0000125,,funding
funding-94f06e14f513ad16e6c8840b0fd54fe2fc44a03a,1783306800027,1783306800027,2026-07-06T11:00:00.027000+08:00,0x0000000000000000000000000000000000000000000000000000000000000000,xyz:XYZ100,0.00011,-0.0006,0.00000625,,funding
funding-8f60b7ae7b25b37d15a565bfcea73b24e91be550,1783306800027,1783306800027,2026-07-06T11:00:00.027000+08:00,0x0000000000000000000000000000000000000000000000000000000000000000,xyz:NBIS,0.000543,-0.05,0.0000493771,,funding
funding-2ab026ae13804e47efe5d15cac35b4263c5a3b58,1783310400055,1783310400055,2026-07-06T12:00:00.055000+08:00,0x0000000000000000000000000000000000000000000000000000000000000000,xyz:XYZ100,0.00011,-0.0006,0.00000625,,funding
funding-980404e9cc1c96892db9a8e0580fe21d1b65c8cf,1783310400055,1783310400055,2026-07-06T12:00:00.055000+08:00,0x0000000000000000000000000000000000000000000000000000000000000000,xyz:NBIS,0.000388,-0.05,0.0000351896,,funding
funding-a57db5533afcae0ecec17d4446b90390ab8275b3,1783314000021,1783314000021,2026-07-06T13:00:00.021000+08:00,0x0000000000000000000000000000000000000000000000000000000000000000,xyz:XYZ100,0.00011,-0.0006,0.00000625,,funding
funding-e540f8068b110dab655cf262b0962736f085a54c,1783314000021,1783314000021,2026-07-06T13:00:00.021000+08:00,0x0000000000000000000000000000000000000000000000000000000000000000,xyz:NBIS,0.000528,-0.05,0.0000475425,,funding
funding-2f9dc026ad73c256f1c87e8e7f458c0574679d43,1783317600057,1783317600057,2026-07-06T14:00:00.057000+08:00,0x0000000000000000000000000000000000000000000000000000000000000000,xyz:XYZ100,0.00011,-0.0006,0.00000625,,funding
funding-06da2203f9c8dc9b0d99be2e83daad7a2cb2f597,1783317600057,1783317600057,2026-07-06T14:00:00.057000+08:00,0x0000000000000000000000000000000000000000000000000000000000000000,xyz:NBIS,0.000467,-0.05,0.0000420163,,funding
funding-4337511d327a51c8b4f9b05ed444b6e11d121a42,1783321200035,1783321200035,2026-07-06T15:00:00.035000+08:00,0x0000000000000000000000000000000000000000000000000000000000000000,xyz:XYZ100,0.000111,-0.0006,0.00000625,,funding
funding-8bfe2649ffad879dbfff8c663a71990bd4400efb,1783321200035,1783321200035,2026-07-06T15:00:00.035000+08:00,0x0000000000000000000000000000000000000000000000000000000000000000,xyz:NBIS,0.000286,-0.05,0.0000256114,,funding
funding-4f74c19e2b158ab6d97e0b91b1cfa01e858ae737,1783324800012,1783324800012,2026-07-06T16:00:00.012000+08:00,0x0000000000000000000000000000000000000000000000000000000000000000,xyz:XYZ100,0.000185,-0.001,0.00000625,,funding
funding-7c8368c0b7e1427d52ada25afe84f327fbb15251,1783324800012,1783324800012,2026-07-06T16:00:00.012000+08:00,0x0000000000000000000000000000000000000000000000000000000000000000,xyz:NBIS,0.000558,-0.05,0.0000500561,,funding
funding-d15d89be40026e4a8f0046466b4f955fc38c7c83,1783328400015,1783328400015,2026-07-06T17:00:00.015000+08:00,0x0000000000000000000000000000000000000000000000000000000000000000,xyz:XYZ100,0.000185,-0.001,0.00000625,,funding
funding-561507bc655bbc3f313eda49f38cf204fac09032,1783328400015,1783328400015,2026-07-06T17:00:00.015000+08:00,0x0000000000000000000000000000000000000000000000000000000000000000,xyz:NBIS,0.000723,-0.05,0.0000648223,,funding
funding-bc50b180a6a31a9a90ccc853f060fcd774248ee0,1783332000027,1783332000027,2026-07-06T18:00:00.027000+08:00,0x0000000000000000000000000000000000000000000000000000000000000000,xyz:XYZ100,0.000185,-0.001,0.00000625,,funding
funding-d17a3f6f1aacd4a71e81094e13cefeeaf5e6e8aa,1783332000027,1783332000027,2026-07-06T18:00:00.027000+08:00,0x0000000000000000000000000000000000000000000000000000000000000000,xyz:NBIS,0.000513,-0.05,0.0000461918,,funding
funding-d415302c75d504ee2fbaaf2f650ece51e4e6b574,1783335600052,1783335600052,2026-07-06T19:00:00.052000+08:00,0x0000000000000000000000000000000000000000000000000000000000000000,xyz:XYZ100,0.000185,-0.001,0.00000625,,funding
funding-7359349830092a9c08157c42f1983f2af1efcf0a,1783335600052,1783335600052,2026-07-06T19:00:00.052000+08:00,0x0000000000000000000000000000000000000000000000000000000000000000,xyz:NBIS,0.000471,-0.05,0.0000427778,,funding
funding-ab3c3b37f0fe4d440acbdc176c73912c13634d72,1783339200006,1783339200006,2026-07-06T20:00:00.006000+08:00,0x0000000000000000000000000000000000000000000000000000000000000000,xyz:XYZ100,0.000185,-0.001,0.00000625,,funding
funding-7d1ec327e285a6983650f9b57e144765a4c8cc0a,1783339200006,1783339200006,2026-07-06T20:00:00.006000+08:00,0x0000000000000000000000000000000000000000000000000000000000000000,xyz:NBIS,0.00036,-0.05,0.0000326345,,funding
funding-1407234bc27196547bafea1e1adcf436b0af9c0b,1783342800006,1783342800006,2026-07-06T21:00:00.006000+08:00,0x0000000000000000000000000000000000000000000000000000000000000000,xyz:XYZ100,0.000185,-0.001,0.00000625,,funding
funding-9b032f9d4d9cbd16b5eafcfb9b5fe43b2c7bb4a7,1783342800006,1783342800006,2026-07-06T21:00:00.006000+08:00,0x0000000000000000000000000000000000000000000000000000000000000000,xyz:NBIS,0.00025,-0.05,0.0000225941,,funding
funding-b043cd98dd4939618880a236a5cd7fa86443919d,1783350000126,1783350000126,2026-07-06T23:00:00.126000+08:00,0x0000000000000000000000000000000000000000000000000000000000000000,xyz:GOOGL,0.000417,-0.09,0.0000128166,,funding
funding-d7f43d12f62f76cead7c9623f0f5f0d2f1be10df,1783400400044,1783400400044,2026-07-07T13:00:00.044000+08:00,0x0000000000000000000000000000000000000000000000000000000000000000,XMR,0.000775,-0.04,0.0000595087,,funding
funding-992d68dccb97e2f64bae2eec040709da8a0354d8,1783400400044,1783400400044,2026-07-07T13:00:00.044000+08:00,0x0000000000000000000000000000000000000000000000000000000000000000,xyz:MSFT,-0.000268,0.028,0.0000246094,,funding
funding-02ac1b21834bc973491cb630cf8db97a422e441c,1783404000057,1783404000057,2026-07-07T14:00:00.057000+08:00,0x0000000000000000000000000000000000000000000000000000000000000000,XMR,0.000913,-0.04,0.000070028,,funding
funding-a313735a79a7141089915361d0bfef9b3c2a6c33,1783404000057,1783404000057,2026-07-07T14:00:00.057000+08:00,0x0000000000000000000000000000000000000000000000000000000000000000,xyz:MSFT,-0.000272,0.028,0.0000250497,,funding
funding-a27342b5c357afe182d9186f6fd26b18c1199bbd,1783407600030,1783407600030,2026-07-07T15:00:00.030000+08:00,0x0000000000000000000000000000000000000000000000000000000000000000,XMR,0.000752,-0.04,0.0000577587,,funding
funding-71693a72e3ba14907934ce9c3a3ff64a262297fe,1783407600030,1783407600030,2026-07-07T15:00:00.030000+08:00,0x0000000000000000000000000000000000000000000000000000000000000000,xyz:MSFT,-0.000324,0.028,0.0000298098,,funding
funding-e42ddef4a5f8096d0839516bf66f31834c4c9a34,1783411200059,1783411200059,2026-07-07T16:00:00.059000+08:00,0x0000000000000000000000000000000000000000000000000000000000000000,XMR,0.000692,-0.04,0.000053064,,funding
funding-edae1eae513fb155165b93e12e115f49d8a18f5c,1783411200059,1783411200059,2026-07-07T16:00:00.059000+08:00,0x0000000000000000000000000000000000000000000000000000000000000000,xyz:MSFT,-0.000361,0.028,0.000033145,,funding
funding-e85d7d92987dad8ceb956ed64d571f2e47ab7526,1783414800050,1783414800050,2026-07-07T17:00:00.050000+08:00,0x0000000000000000000000000000000000000000000000000000000000000000,XMR,0.000669,-0.073,0.0000281972,,funding
funding-00d47b88afdd798a4836a4e2c8b6867fae7780bb,1783429200060,1783429200060,2026-07-07T21:00:00.060000+08:00,0x0000000000000000000000000000000000000000000000000000000000000000,BTC,-0.000269,0.00034,0.0000125,,funding
funding-9799984231ae84d0f58ddd0376d7a7a4c9a222a3,1783429200060,1783429200060,2026-07-07T21:00:00.060000+08:00,0x0000000000000000000000000000000000000000000000000000000000000000,xyz:SPCX,0.000255,0.07,-0.0000228098,,funding
funding-80fb97b22ef543c7521e0eea36444296fc7a7316,1783490400060,1783490400060,2026-07-08T14:00:00.060000+08:00,0x0000000000000000000000000000000000000000000000000000000000000000,ZEC,-0.000241,0.04,0.0000125,,funding
funding-0e3c7d841352ac60ab07a874359a390034ac31c2,1783490400060,1783490400060,2026-07-08T14:00:00.060000+08:00,0x0000000000000000000000000000000000000000000000000000000000000000,xyz:NVDA,0.00029,-0.08,0.0000185366,,funding
funding-f731fffc25b47cfc01e7e393a16d0701485bc873,1783494000053,1783494000053,2026-07-08T15:00:00.053000+08:00,0x0000000000000000000000000000000000000000000000000000000000000000,xyz:NVDA,0.000264,-0.08,0.0000168768,,funding
funding-cd0c6ef4bde1d24a29e472da49f0f307ac2d5d1e,1783497600050,1783497600050,2026-07-08T16:00:00.050000+08:00,0x0000000000000000000000000000000000000000000000000000000000000000,ETH,-0.000248,0.0113,0.0000125,,funding
funding-a2cfeaaa2fc8b16c018df9da403b7d239791e4e3,1783904400019,1783904400019,2026-07-13T09:00:00.019000+08:00,0x0000000000000000000000000000000000000000000000000000000000000000,xyz:XYZ100,0.000074,-0.0004,0.00000625,,funding
funding-8c69044da1907ead87ec5eeb212cc24029d91290,1783908000075,1783908000075,2026-07-13T10:00:00.075000+08:00,0x0000000000000000000000000000000000000000000000000000000000000000,xyz:XYZ100,0.000073,-0.0004,0.00000625,,funding
funding-7a91d5e27477112851b8c481716fb3d51ddf5aef,1783911600046,1783911600046,2026-07-13T11:00:00.046000+08:00,0x0000000000000000000000000000000000000000000000000000000000000000,xyz:XYZ100,0.000073,-0.0004,0.00000625,,funding
funding-9add80b7699edc21e5e20cbb01640afd230cfc60,1783915200053,1783915200053,2026-07-13T12:00:00.053000+08:00,0x0000000000000000000000000000000000000000000000000000000000000000,xyz:XYZ100,0.000073,-0.0004,0.00000625,,funding
funding-d2d1246978e15b76ea38d6bdc2ad7dbba0a3d550,1783918800041,1783918800041,2026-07-13T13:00:00.041000+08:00,0x0000000000000000000000000000000000000000000000000000000000000000,xyz:XYZ100,0.000073,-0.0004,0.00000625,,funding
funding-adb7d35297b85efdb1bf81400be9d34c44ecc2e9,1783922400026,1783922400026,2026-07-13T14:00:00.026000+08:00,0x0000000000000000000000000000000000000000000000000000000000000000,xyz:XYZ100,0.000073,-0.0004,0.00000625,,funding
funding-a732672caf5da9dc3669b8425a6a50220f5924f4,1783926000058,1783926000058,2026-07-13T15:00:00.058000+08:00,0x0000000000000000000000000000000000000000000000000000000000000000,xyz:XYZ100,0.00015,-0.0004,0.0000127859,,funding
funding-dd598f4aabb8560ab4aefb1d1f02154a4160e2a0,1783929600019,1783929600019,2026-07-13T16:00:00.019000+08:00,0x0000000000000000000000000000000000000000000000000000000000000000,xyz:XYZ100,0.000109,-0.0004,0.0000092815,,funding
funding-c430ea202cb81a9090d95a64f0cab6c0fbeab4da,1783929600019,1783929600019,2026-07-13T16:00:00.019000+08:00,0x0000000000000000000000000000000000000000000000000000000000000000,xyz:GOOGL,-0.000166,0.033,0.000014169,,funding
funding-ea5c549f1037f1b55f502ab2c8acabf086e8e2df,1783929600019,1783929600019,2026-07-13T16:00:00.019000+08:00,0x0000000000000000000000000000000000000000000000000000000000000000,xyz:CBRS,-0.000773,-0.05,-0.0000752301,,funding
funding-2ca94c846485d06280745cd20fd13447fe0e80e0,1783933200001,1783933200001,2026-07-13T17:00:00.001000+08:00,0x0000000000000000000000000000000000000000000000000000000000000000,ETH,-0.000149,0.0067,0.0000125,,funding
funding-2f56b47c33948db318cebcc535095dad76de0517,1783933200001,1783933200001,2026-07-13T17:00:00.001000+08:00,0x0000000000000000000000000000000000000000000000000000000000000000,xyz:XYZ100,0.000073,-0.0004,0.00000625,,funding
funding-b870e57973693ee1558daa3c99c0970a35a9ffb5,1783933200001,1783933200001,2026-07-13T17:00:00.001000+08:00,0x0000000000000000000000000000000000000000000000000000000000000000,xyz:GOOGL,-0.000087,0.033,0.0000074031,,funding
funding-77bcfb57340ea53dbb861780bf9620802e992f93,1783933200001,1783933200001,2026-07-13T17:00:00.001000+08:00,0x0000000000000000000000000000000000000000000000000000000000000000,xyz:CBRS,-0.000931,-0.05,-0.0000896345,,funding
funding-2770de6f0b2acb838594e0b123cb45247c269133,1783936800032,1783936800032,2026-07-13T18:00:00.032000+08:00,0x0000000000000000000000000000000000000000000000000000000000000000,ETH,-0.000149,0.0067,0.0000125,,funding
funding-ba77a39710d36524a31a255a59b5bd45641e528e,1783936800032,1783936800032,2026-07-13T18:00:00.032000+08:00,0x0000000000000000000000000000000000000000000000000000000000000000,xyz:XYZ100,0.000073,-0.0004,0.00000625,,funding
funding-4dc81a6e87bb2c49dfe3bbc552163b70681370ca,1783936800032,1783936800032,2026-07-13T18:00:00.032000+08:00,0x0000000000000000000000000000000000000000000000000000000000000000,xyz:CBRS,-0.000023,-0.05,-0.0000022295,,funding
funding-932e5c5b3caddf3c60be989945094739c79fa320,1783940400001,1783940400001,2026-07-13T19:00:00.001000+08:00,0x0000000000000000000000000000000000000000000000000000000000000000,ETH,-0.000298,0.0134,0.0000125,,funding
funding-708a6bc315d87a20a643c717969c4f3829d31c94,1783940400001,1783940400001,2026-07-13T19:00:00.001000+08:00,0x0000000000000000000000000000000000000000000000000000000000000000,VVV,-0.000131,0.99,0.0000125,,funding
funding-ff6e24997fca362186600c14a2f1861221d2d686,1783940400001,1783940400001,2026-07-13T19:00:00.001000+08:00,0x0000000000000000000000000000000000000000000000000000000000000000,xyz:XYZ100,0.000073,-0.0004,0.00000625,,funding
funding-606c009a3adf13e716f660f7ea4177c59e071d65,1783940400001,1783940400001,2026-07-13T19:00:00.001000+08:00,0x0000000000000000000000000000000000000000000000000000000000000000,xyz:CBRS,-0.000495,-0.05,-0.0000475449,,funding
funding-1423977786bb3583957d04ca93dc697ebbd3d460,1783944000048,1783944000048,2026-07-13T20:00:00.048000+08:00,0x0000000000000000000000000000000000000000000000000000000000000000,ETH,-0.000298,0.0134,0.0000125,,funding
funding-4febdb49cd69417dafd7e88319e629403bc563e9,1783944000048,1783944000048,2026-07-13T20:00:00.048000+08:00,0x0000000000000000000000000000000000000000000000000000000000000000,VVV,-0.00013,0.99,0.0000125,,funding
funding-9cab40684a0ff3a7e96da3694ffee76b22555511,1783944000048,1783944000048,2026-07-13T20:00:00.048000+08:00,0x0000000000000000000000000000000000000000000000000000000000000000,xyz:XYZ100,0.000073,-0.0004,0.00000625,,funding
funding-ee5c4142f5aaf5073394d2b9d91bc7323b410f91,1783944000048,1783944000048,2026-07-13T20:00:00.048000+08:00,0x0000000000000000000000000000000000000000000000000000000000000000,xyz:CBRS,-0.000108,-0.05,-0.0000104494,,funding
funding-34d3785105f16f3b8c7ac6b373bbeb80fb583410,1783947600014,1783947600014,2026-07-13T21:00:00.014000+08:00,0x0000000000000000000000000000000000000000000000000000000000000000,VVV,-0.000132,0.99,0.0000125,,funding
funding-7552cded4b5d3911b73c18e29428afe3f4916fea,1783947600014,1783947600014,2026-07-13T21:00:00.014000+08:00,0x0000000000000000000000000000000000000000000000000000000000000000,xyz:XYZ100,0.000073,-0.0004,0.00000625,,funding
funding-7765328311595b05a4279a53a065035a75e11a94,1783947600014,1783947600014,2026-07-13T21:00:00.014000+08:00,0x0000000000000000000000000000000000000000000000000000000000000000,xyz:CBRS,-0.0007,-0.05,-0.0000672628,,funding
funding-b7bb8d68431df8a1c251344af804e2383503cf87,1783951200010,1783951200010,2026-07-13T22:00:00.010000+08:00,0x0000000000000000000000000000000000000000000000000000000000000000,VVV,-0.000133,0.99,0.0000125,,funding
funding-ba2b369184b3e8e9f384bcd772fb29fb301e9f7c,1784196000008,1784196000008,2026-07-16T18:00:00.008000+08:00,0x0000000000000000000000000000000000000000000000000000000000000000,BTC,0.000136,-0.00017,0.0000125,,funding
funding-92252bc1c6d6aae91d19e98b167ef714955c39ba,1784196000008,1784196000008,2026-07-16T18:00:00.008000+08:00,0x0000000000000000000000000000000000000000000000000000000000000000,xyz:SMSN,0.000497,0.064,-0.0000453589,,funding
funding-106314e8c87b2e4f56109799609471fe67c1ee51,1784199600020,1784199600020,2026-07-16T19:00:00.020000+08:00,0x0000000000000000000000000000000000000000000000000000000000000000,BTC,0.000136,-0.00017,0.0000125,,funding
funding-f67cd343d69abaadedf8c28e05529b38ba08bc8c,1784199600020,1784199600020,2026-07-16T19:00:00.020000+08:00,0x0000000000000000000000000000000000000000000000000000000000000000,xyz:SMSN,0.000991,0.064,-0.0000901645,,funding
funding-5d316b86ee6f40c8608a23593e4d715039678c7d,1784203200028,1784203200028,2026-07-16T20:00:00.028000+08:00,0x0000000000000000000000000000000000000000000000000000000000000000,BTC,0.000136,-0.00017,0.0000125,,funding
funding-d245245b4291c702251d3e8a15569bb06b108c81,1784206800050,1784206800050,2026-07-16T21:00:00.050000+08:00,0x0000000000000000000000000000000000000000000000000000000000000000,BTC,0.000135,-0.00017,0.0000125,,funding
funding-63955872051a365d71e0ddcc983111732cd9a845,1784210400054,1784210400054,2026-07-16T22:00:00.054000+08:00,0x0000000000000000000000000000000000000000000000000000000000000000,BTC,0.000273,-0.00034,0.0000125,,funding
funding-621f806bb0ae39ecfac473b0401e2ac02b44a093,1784214000016,1784214000016,2026-07-16T23:00:00.016000+08:00,0x0000000000000000000000000000000000000000000000000000000000000000,BTC,0.000403,-0.0005,0.0000125,,funding
funding-fe804c85802c20095a375b99b9fd87aec5cbb925,1784217600041,1784217600041,2026-07-17T00:00:00.041000+08:00,0x0000000000000000000000000000000000000000000000000000000000000000,BTC,0.000404,-0.0005,0.0000125,,funding
funding-53a1fd07707ff50a63f46d6ac5da40a8d864815a,1784221200000,1784221200000,2026-07-17T01:00:00+08:00,0x0000000000000000000000000000000000000000000000000000000000000000,BTC,0.000403,-0.0005,0.0000125,,funding
funding-22f71c08685a84c71bfaf4e1ac0d6e6064f93cc8,1784224800011,1784224800011,2026-07-17T02:00:00.011000+08:00,0x0000000000000000000000000000000000000000000000000000000000000000,BTC,0.00024,-0.0003,0.0000125,,funding
funding-a960132111f39c18973434338fef60db54749166,1784228400031,1784228400031,2026-07-17T03:00:00.031000+08:00,0x0000000000000000000000000000000000000000000000000000000000000000,BTC,0.00024,-0.0003,0.0000125,,funding
funding-79ae42bdb7b6913e5b166c867087072ca82926a8,1784232000030,1784232000030,2026-07-17T04:00:00.030000+08:00,0x0000000000000000000000000000000000000000000000000000000000000000,BTC,0.000241,-0.0003,0.0000125,,funding
funding-f884386df992f37e6a372969b050cf6863229cb4,1784235600011,1784235600011,2026-07-17T05:00:00.011000+08:00,0x0000000000000000000000000000000000000000000000000000000000000000,BTC,0.00024,-0.0003,0.0000125,,funding
funding-1a04af93df0e6276a8a1318a9143787229e28e80,1784239200008,1784239200008,2026-07-17T06:00:00.008000+08:00,0x0000000000000000000000000000000000000000000000000000000000000000,BTC,0.00024,-0.0003,0.0000125,,funding
funding-dbcb072464056308ab31afbd59af49e4ad99ad0d,1784242800017,1784242800017,2026-07-17T07:00:00.017000+08:00,0x0000000000000000000000000000000000000000000000000000000000000000,BTC,0.000239,-0.0003,0.0000125,,funding
funding-d02d94eee6ae5ec49faff2ac34dcd050c26fdd73,1784246400018,1784246400018,2026-07-17T08:00:00.018000+08:00,0x0000000000000000000000000000000000000000000000000000000000000000,BTC,0.000239,-0.0003,0.0000125,,funding
funding-1e66d021ffb9a17356b1206ebb3a1d53825f9261,1784250000021,1784250000021,2026-07-17T09:00:00.021000+08:00,0x0000000000000000000000000000000000000000000000000000000000000000,BTC,0.000239,-0.0003,0.0000125,,funding
funding-b8148e4309cc27d8e7cf8424f4f868ef4479634b,1784253600001,1784253600001,2026-07-17T10:00:00.001000+08:00,0x0000000000000000000000000000000000000000000000000000000000000000,BTC,0.000238,-0.0003,0.0000125,,funding
funding-70e9786c916374c48771756ea741b2b003f32a5e,1784257200017,1784257200017,2026-07-17T11:00:00.017000+08:00,0x0000000000000000000000000000000000000000000000000000000000000000,BTC,0.000238,-0.0003,0.0000125,,funding
funding-1708d4177e91aa19fde845d71326080c9e7b7536,1784260800041,1784260800041,2026-07-17T12:00:00.041000+08:00,0x0000000000000000000000000000000000000000000000000000000000000000,BTC,0.000238,-0.0003,0.0000125,,funding
funding-aeba370f391d083d4343cc3bbd38ced501a5d47c,1784264400052,1784264400052,2026-07-17T13:00:00.052000+08:00,0x0000000000000000000000000000000000000000000000000000000000000000,BTC,0.000238,-0.0003,0.0000125,,funding
funding-7e2789f50171d2f1e1d84eadb6917e6c56aee47e,1784458800033,1784458800033,2026-07-19T19:00:00.033000+08:00,0x0000000000000000000000000000000000000000000000000000000000000000,BTC,0.000274,-0.00034,0.0000125,,funding
funding-4efa43bcfeb325d55740c3e0ae5650e8bafad468,1784462400037,1784462400037,2026-07-19T20:00:00.037000+08:00,0x0000000000000000000000000000000000000000000000000000000000000000,BTC,0.000273,-0.00034,0.0000125,,funding
funding-e99059f40c6ce5b728f20c91fabb20442a6ed2a1,1784466000014,1784466000014,2026-07-19T21:00:00.014000+08:00,0x0000000000000000000000000000000000000000000000000000000000000000,BTC,0.000273,-0.00034,0.0000125,,funding
funding-e62d2f8913a5951a7952d1b196140c35018a4f07,1784469600135,1784469600135,2026-07-19T22:00:00.135000+08:00,0x0000000000000000000000000000000000000000000000000000000000000000,BTC,0.000274,-0.00034,0.0000125,,funding
