_key,_ts,time_ms,time_iso,hash,coin,usdc,szi,fundingRate,nSamples,type
funding-868daa4b742b4d56c1a7c6548abbc682dfdfff41,1785596400003,1785596400003,2026-08-01T23:00:00.003000+08:00,0x0000000000000000000000000000000000000000000000000000000000000000,xyz:SP500,0.00289,-0.062,0.00000625,,funding
funding-b8bbaa251ac4917e42a86468ed3f7b1be80291eb,1785600000043,1785600000043,2026-08-02T00:00:00.043000+08:00,0x0000000000000000000000000000000000000000000000000000000000000000,xyz:SP500,0.00289,-0.062,0.00000625,,funding
funding-adffca7eadecf86b30e8759d0f052625a90fef53,1785603600022,1785603600022,2026-08-02T01:00:00.022000+08:00,0x0000000000000000000000000000000000000000000000000000000000000000,xyz:SP500,0.00289,-0.062,0.00000625,,funding
funding-5edba57753b448f2adabd7aa29e197fe0ec936ec,1785607200001,1785607200001,2026-08-02T02:00:00.001000+08:00,0x0000000000000000000000000000000000000000000000000000000000000000,xyz:SP500,-0.003421,-0.062,-0.0000074039,,funding
funding-ae9703b736a2cb93a747217cf1373f66aad9faad,1785610800030,1785610800030,2026-08-02T03:00:00.030000+08:00,0x0000000000000000000000000000000000000000000000000000000000000000,xyz:SP500,-0.003983,-0.062,-0.0000086279,,funding
funding-f00048912e2d01bd52c9f238b1335aa0ad7c5534,1785614400033,1785614400033,2026-08-02T04:00:00.033000+08:00,0x0000000000000000000000000000000000000000000000000000000000000000,xyz:SP500,0.002885,-0.062,0.00000625,,funding
funding-6f92bce456892c212a85a2b26942475cdf09920b,1785618000006,1785618000006,2026-08-02T05:00:00.006000+08:00,0x0000000000000000000000000000000000000000000000000000000000000000,xyz:SP500,0.002887,-0.062,0.00000625,,funding
funding-d22b419e351a99e962f1e3f44677c39612ff1742,1785621600018,1785621600018,2026-08-02T06:00:00.018000+08:00,0x0000000000000000000000000000000000000000000000000000000000000000,xyz:SP500,0.002889,-0.062,0.00000625,,funding
funding-ceee84430068c4469dcf5c69874d6f086b3a7d97,1785625200048,1785625200048,2026-08-02T07:00:00.048000+08:00,0x0000000000000000000000000000000000000000000000000000000000000000,xyz:SP500,0.00275,-0.062,0.0000059526,,funding
